text,category
这个产品质量很好我很满意推荐大家购买,positive
服务态度非常棒客服很耐心解答问题,positive
物流很快包装也很精美没有损坏,positive
性价比很高功能强大使用方便,positive
商家服务很好会再次购买支持,positive
产品超出预期非常喜欢值得推荐,positive
质量很棒做工精细材料不错,positive
使用体验很好功能齐全操作简单,positive
产品质量很差不建议购买浪费钱,negative
服务态度恶劣客服不耐烦很不满意,negative
物流太慢了包装破损商品有问题,negative
性价比不高价格贵功能少不值得,negative
商家不负责任售后服务很差,negative
产品有缺陷质量不如预期很失望,negative
做工粗糙材料差用了几天就坏了,negative
使用体验很差功能不全操作复杂,negative
产品还可以吧没什么特别的感觉,neutral
服务一般般中规中矩没有惊喜,neutral
物流正常包装普通符合预期,neutral
价格合理功能基本够用凑合能用,neutral
商家态度正常回复及时但不热情,neutral
产品符合描述质量还行没有问题,neutral
整体体验平平不好不坏中等水平,neutral
使用感受一般功能够用但不出色,neutral
人工智能技术在医疗领域取得重大突破,technology
5G网络建设加速推进覆盖率大幅提升,technology
新型芯片技术发布性能提升显著,technology
云计算服务市场持续增长前景广阔,technology
自动驾驶技术测试取得新进展,technology
区块链技术在金融领域应用广泛,technology
机器学习算法优化提高识别准确率,technology
物联网设备连接数量快速增长,technology
足球世界杯比赛激烈进行精彩纷呈,sports
篮球联赛总决赛即将开始万众瞩目,sports
奥运会筹备工作有序推进设施完善,sports
网球公开赛精彩对决高手如云,sports
游泳世锦赛创造新纪录刷新历史,sports
田径比赛运动员发挥出色成绩优异,sports
体操表演动作优美技艺精湛,sports
乒乓球比赛技战术精彩观众热情,sports
股市今日大幅上涨投资者信心增强,finance
央行宣布调整货币政策影响深远,finance
房地产市场出现新变化价格趋稳,finance
外汇汇率波动引起市场广泛关注,finance
银行业绩报告显示良好增长态势,finance
保险行业发展迅速产品创新不断,finance
基金投资收益可观吸引大量资金,finance
证券市场监管加强保护投资者利益,finance
新电影上映获得观众一致好评,entertainment
音乐会门票一票难求场面火爆,entertainment
电视剧收视率创新高话题不断,entertainment
明星参加慈善活动传递正能量,entertainment
综艺节目创意新颖引起网友热议,entertainment
演唱会现场气氛热烈歌迷疯狂,entertainment
话剧表演精彩感人观众掌声不断,entertainment
艺术展览作品丰富吸引众多参观者,entertainment